{
  "mu_h": -0.405381500720978,
  "sd_h": 0.493878275156021
}