{
  "mu": 1.56778471370545,
  "sd": 0.55578015649727,
  "log_floor": 0.1,
  "L": 60,
  "stride": 5,
  "cadence_s": 60,
  "classes": [
    "none",
    "B",
    "C",
    "M",
    "X"
  ]
}